<?xml version="1.0" encoding="UTF-8"?>
<!DOCTYPE hibernate-configuration PUBLIC "-//Hibernate/Hibernate Configuration DTD 3.0//EN"
                                         "http://hibernate.sourceforge.net/hibernate-configuration-3.0.dtd">
<hibernate-configuration>
 <session-factory name="sessionFactory">
  <property name="hibernate.connection.driver_class">oracle.jdbc.driver.OracleDriver</property>
  <property name="hibernate.connection.url">jdbc:oracle:thin:@127.0.0.1:1521:shoppingcart</property>
  <property name="hibernate.connection.username">root</property>
  <property name="hibernate.connection.password">12345</property>
  <property name="hibernate.hbm2ddl.auto">update</property>
  <property name="hibernate.dialect">org.hibernate.dialect.OracleDialect</property>
  <property name="hibernate.show_sql">true</property>
  
  <mapping class="com.my.spring.pojo.User"/>
  <mapping class="com.my.spring.pojo.Email"/>
  <mapping class="com.my.spring.pojo.Person"/>
  <mapping class="com.my.spring.pojo.Advert"/>
  <mapping class="com.my.spring.pojo.Category"/>
  <mapping class="com.my.spring.pojo.Cart"/>
 </session-factory>
</hibernate-configuration>
